id,cx_px,cy_px,cx_mm,cy_mm,diameter_mm,area_mm2
1,1966.4361,2029.979451,98.32180502,101.4989725,1.2,1.130973355
2,574.4752947,1371.978895,28.72376474,68.59894473,1.2,1.130973355
3,2243.087648,1038.973474,112.1543824,51.94867368,1.122430247,0.9894836082
4,2420.859271,872.3584034,121.0429635,43.61792017,1.084649504,0.9239930945
5,607.1342804,725.8281603,30.35671402,36.29140801,1.072852032,0.9040023041
6,653.8971522,1064.740066,32.69485761,53.2370033,1.054319025,0.8730396504
7,1713.352616,1583.892589,85.66763081,79.19462947,1.037354092,0.8451697217
8,1726.703554,713.3286972,86.33517768,35.66643486,1.027941524,0.8299017902
9,1143.027852,1976.021818,57.15139261,98.8010909,1.00656638,0.7957464738
10,648.5546613,1257.722669,32.42773306,62.88613346,1.004040836,0.7917583187
11,1351.835573,1092.286002,67.59177864,54.61430011,0.9950563364,0.7776518698
12,954.6640916,800.1248983,47.73320458,40.00624492,0.9799440291,0.7542102381
13,1271.374566,1842.491082,63.56872831,92.12455411,0.9762805289,0.7485815808
14,1718.11317,2259.769329,85.90565852,112.9884664,0.9582662614,0.721210892
15,1902.302573,688.6950306,95.11512865,34.43475153,0.9274416572,0.675558681
16,929.2860636,1286.738287,46.46430318,64.33691433,0.9248428915,0.6717780464
17,1263.208219,1525.390104,63.16041094,76.2695052,0.9185429128,0.6626569887
18,869.8601609,739.4402189,43.49300804,36.97201095,0.9159631845,0.6589400705
19,1102.311634,2291.650432,55.11558171,114.5825216,0.9028675353,0.640232853
20,1364.291343,1595.364902,68.21456714,79.76824509,0.902324679,0.6394631943
21,2000.147172,2154.606755,100.0073586,107.7303378,0.901183917,0.6378473364
22,1245.254766,2064.295351,62.26273832,103.2147676,0.9004152983,0.6367597619
23,1056.833406,2310.399858,52.84167028,115.5199929,0.8947201577,0.6287302055
24,874.3487713,2059.195811,43.71743856,102.9597905,0.8920098599,0.6249268595
25,1368.49933,2283.716622,68.4249665,114.1858311,0.8890679046,0.6208114901
26,935.4452376,846.6351207,46.77226188,42.33175603,0.8735746853,0.5993630452
27,1651.844689,1105.142348,82.59223444,55.25711738,0.8720031221,0.5972084736
28,1526.720737,2006.211371,76.33603685,100.3105686,0.8698964369,0.5943263498
29,1157.531577,1363.184459,57.87657886,68.15922293,0.8668871097,0.590221427
30,2431.807772,1574.062095,121.5903886,78.70310473,0.8631103199,0.5850897637
31,1999.393803,1862.326284,99.96969014,93.11631418,0.8625266029,0.584298645
32,706.6489238,1229.409558,35.33244619,61.47047788,0.8619128246,0.5834673611
33,1617.052052,602.4169421,80.85260259,30.1208471,0.8617345835,0.5832260674
34,2118.60039,767.1459086,105.9300195,38.35729543,0.8516285641,0.5696266773
35,1295.411031,1740.657803,64.77055156,87.03289014,0.8440242201,0.5594994964
36,1051.432998,1941.440015,52.5716499,97.07200073,0.8332461782,0.5453013115
37,2375.470364,610.2674181,118.7735182,30.5133709,0.8319480611,0.5436035813
38,1247.146475,942.6445086,62.35732373,47.13222543,0.8188964751,0.526681283
39,2181.881085,1786.577834,109.0940542,89.3288917,0.8140806566,0.5205048163
40,2418.33211,984.120918,120.9166055,49.2060459,0.8081849335,0.5129929317
41,1270.622299,1297.182527,63.53111494,64.85912633,0.8077316354,0.5124176338
42,1390.624294,1537.86578,69.53121471,76.89328901,0.8067569261,0.5111816865
43,1459.755658,1656.467926,72.98778288,82.82339629,0.804452591,0.5082656864
44,2189.02062,830.7697119,109.451031,41.5384856,0.804356807,0.5081446579
45,1707.472833,1712.53005,85.37364166,85.6265025,0.8038429448,0.5074956104
46,2256.800665,1061.799464,112.8400332,53.0899732,0.8030406546,0.5064830853
47,1917.942886,2017.9856,95.89714431,100.89928,0.8029912537,0.5064207723
48,1309.476059,1171.294236,65.47380297,58.56471179,0.801974928,0.5051396556
49,1700.731665,627.0410908,85.03658326,31.35205454,0.7966898108,0.498503724
50,780.6209191,1834.934622,39.03104596,91.74673108,0.79628988,0.4980033613
51,1455.709417,1487.016001,72.78547086,74.35080003,0.7921567558,0.4928470282
52,2396.251767,1850.068585,119.8125884,92.50342927,0.7893851892,0.489404354
53,868.6756635,579.9016973,43.43378318,28.99508487,0.7873493175,0.486883203
54,857.0457797,1734.853863,42.85228898,86.74269317,0.7842867928,0.4831029447
55,1694.441947,728.2946642,84.72209736,36.41473321,0.7838415079,0.4825545295
56,1500.542025,1710.454695,75.02710125,85.52273476,0.7832951842,0.4818821
57,2156.779078,1845.651814,107.8389539,92.2825907,0.7823851745,0.480763077
58,682.9740736,1716.958157,34.14870368,85.84790785,0.7820260995,0.4803218867
59,577.2461354,2344.365358,28.86230677,117.2182679,0.7819390267,0.4802149321
60,1828.401174,1654.777648,91.42005868,82.73888238,0.7810905637,0.4791733584
61,1685.489302,583.9905924,84.2744651,29.19952962,0.7810146076,0.4790801698
62,2061.795625,1612.975645,103.0897813,80.64878225,0.7761295554,0.4731058576
63,1194.70181,942.8249363,59.73509052,47.14124682,0.7759731448,0.4729151902
64,927.2554295,1121.367421,46.36277147,56.06837107,0.7743007384,0.4708788978
65,2227.827483,1340.494058,111.3913742,67.02470289,0.7736908939,0.4701374551
66,2061.908487,911.0936833,103.0954243,45.55468417,0.7709008114,0.4667527517
67,831.3550911,1077.644639,41.56775456,53.88223197,0.7699259691,0.465573034
68,1774.861713,1036.77463,88.74308564,51.83873152,0.7694791947,0.4650328633
69,844.3895898,622.1721359,42.21947949,31.1086068,0.7670567233,0.4621094429
70,1950.021311,2263.429697,97.50106556,113.1714849,0.7649695953,0.4595981048
71,605.8350701,895.9047158,30.29175351,44.79523579,0.7518580904,0.4439781897
72,1683.08688,1827.447461,84.15434401,91.37237305,0.750218117,0.4420434674
73,1134.555708,1677.29017,56.72778542,83.86450851,0.7501955764,0.442016905
74,1109.723196,1496.213484,55.4861598,74.81067422,0.7417154875,0.4320804099
75,1565.28358,1927.201446,78.264179,96.36007232,0.7413949276,0.4317070114
76,1864.887149,1392.36741,93.24435744,69.61837052,0.7360286395,0.4254801545
77,2340.115057,1497.459641,117.0057529,74.87298207,0.7332602441,0.4222854904
78,1493.101031,1190.354852,74.65505156,59.51774261,0.7315492303,0.4203170397
79,869.3117365,1536.309879,43.46558682,76.81549396,0.7309088513,0.4195814929
80,2032.329056,1582.753582,101.6164528,79.13767909,0.7305045741,0.4191174669
81,784.0279136,1347.844226,39.20139568,67.39221129,0.7303443061,0.4189335838
82,1953.287288,1420.297992,97.66436442,71.01489959,0.7300943266,0.4186468508
83,799.5541915,561.7890694,39.97770957,28.08945347,0.7288601157,0.4172326178
84,1697.748104,1474.050926,84.88740519,73.7025463,0.7287431462,0.4170987112
85,1087.710251,1788.919579,54.38551253,89.44597894,0.728300316,0.4165919543
86,754.7988162,1705.132219,37.73994081,85.25661093,0.7257843558,0.4137186387
87,584.9214902,994.5354751,29.24607451,49.72677376,0.7246637075,0.4124420194
88,738.9306503,2395.229928,36.94653252,119.7614964,0.7237084788,0.4113554001
89,1085.061739,1439.943649,54.25308693,71.99718243,0.7231092618,0.410674493
90,2373.974288,1060.729678,118.6987144,53.0364839,0.7229296774,0.4104705361
91,791.7523007,1477.076468,39.58761504,73.8538234,0.7204371777,0.4076449943
92,876.881417,1085.798773,43.84407085,54.28993863,0.7195918074,0.4066888838
93,1484.16307,948.8344862,74.20815348,47.44172431,0.7168978918,0.4036495641
94,1079.422702,932.8003985,53.9711351,46.64001992,0.7136121427,0.3999579595
95,2245.206385,1308.207582,112.2603192,65.41037908,0.7133504478,0.3996646691
96,1229.010953,2357.222438,61.45054764,117.8611219,0.7133079801,0.3996170843
97,2409.959482,727.7395903,120.4979741,36.38697951,0.7099443198,0.3958571184
98,2299.72473,563.0500449,114.9862365,28.15250224,0.700412582,0.3852988914
99,2331.373626,792.5358038,116.5686813,39.62679019,0.6992002107,0.3839661882
100,2413.037491,2128.585653,120.6518745,106.4292826,0.697336866,0.3819224015
101,2433.55042,1529.268098,121.677521,76.4634049,0.6915307717,0.3755890321
102,1123.101786,809.8765451,56.1550893,40.49382726,0.6907167497,0.3747053179
103,624.8208855,1472.173548,31.24104427,73.60867741,0.6900364855,0.3739676114
104,2196.447332,2100.8323,109.8223666,105.041615,0.6899623182,0.3738872254
105,759.5895263,894.9253806,37.97947632,44.74626903,0.6875127904,0.3712371634
106,1537.169112,1925.917883,76.85845562,96.29589417,0.6858592737,0.3694536077
107,1076.491883,1916.539461,53.82459413,95.82697307,0.6839464607,0.3673957214
108,2263.838435,2352.217186,113.1919217,117.6108593,0.6835130261,0.3669302126
109,974.942602,2347.683461,48.7471301,117.384173,0.6827538049,0.3661155201
110,2063.097904,770.8763946,103.1548952,38.54381973,0.6822367199,0.3655611734
111,1685.602051,809.4433831,84.28010253,40.47216916,0.6804903833,0.3636920984
112,1638.942057,1456.625448,81.94710283,72.8312724,0.6797941746,0.3629482934
113,2260.031655,1225.001267,113.0015828,61.25006334,0.6788423945,0.3619326767
114,1684.357737,2142.344284,84.21788684,107.1172142,0.6777564473,0.3607756323
115,1444.244599,801.2278227,72.21222996,40.06139114,0.6770424158,0.3600158625
116,1668.277481,2424.300379,83.41387404,121.215019,0.6768092071,0.3597678887
117,746.9726554,1207.970734,37.34863277,60.39853672,0.6758554995,0.3587546885
118,882.6161584,728.0953303,44.13080792,36.40476651,0.6742910502,0.3570957423
119,1309.951514,2028.625557,65.49757569,101.4312779,0.6739466477,0.3567310534
120,853.6565695,1136.892936,42.68282847,56.8446468,0.6709985376,0.3536169131
121,1060.956152,981.2863841,53.04780761,49.0643192,0.6709434889,0.353558894
122,965.3975025,1379.881067,48.26987512,68.99405333,0.6701205602,0.3526921285
123,1164.573362,1956.995566,58.22866812,97.8497783,0.669446852,0.3519833243
124,2077.312114,624.9873038,103.8656057,31.24936519,0.6686235157,0.3511180654
125,717.2186398,2228.556533,35.86093199,111.4278266,0.6681133744,0.350582483
126,1883.334104,2308.496011,94.16670519,115.4248006,0.6674932955,0.3499320307
127,1865.027943,736.1411773,93.25139716,36.80705887,0.666457515,0.3488468616
128,1299.199926,1097.152042,64.95999631,54.8576021,0.6658569091,0.3482183893
129,1752.410818,1737.895398,87.62054089,86.89476991,0.6658040598,0.348163115
130,811.1373993,1711.535255,40.55686997,85.57676276,0.6650021137,0.3473249108
131,1525.134619,1335.961892,76.25673094,66.7980946,0.6634874027,0.3457444715
132,1743.887187,2387.220733,87.19435937,119.3610367,0.663483545,0.345740451
133,959.395653,662.5702967,47.96978265,33.12851484,0.6620453857,0.3442432294
134,1934.486706,1751.155547,96.72433529,87.55777737,0.6612563344,0.3434231537
135,662.3987892,2034.800054,33.11993946,101.7400027,0.6597723994,0.3418835213
136,1731.88104,1447.853259,86.59405201,72.39266297,0.6583223124,0.340382349
137,1927.971234,1467.754587,96.39856172,73.38772937,0.6573111908,0.3393375609
138,1772.091273,882.9645439,88.60456367,44.1482272,0.6570399327,0.3390575442
139,1617.053546,1661.729985,80.8526773,83.08649925,0.6565908052,0.3385941689
140,2388.915342,1102.115823,119.4457671,55.10579113,0.6562480623,0.3382407663
141,714.3176349,2116.131223,35.71588175,105.8065611,0.6550495454,0.3370064249
142,1246.82494,1391.733851,62.34124702,69.58669254,0.6550269934,0.3369832204
143,826.1327309,2136.165249,41.30663654,106.8082624,0.6548897061,0.3368419784
144,687.3741541,2434.364079,34.36870771,121.718204,0.6524621629,0.334349397
145,2178.3219,1070.297939,108.916095,53.51489695,0.652256496,0.3341386452
146,2288.95971,1086.732366,114.4479855,54.33661828,0.6521762433,0.3340564264
147,1279.997072,2369.457974,63.99985358,118.4728987,0.650878334,0.3327281244
148,1738.523434,1621.695782,86.92617169,81.08478909,0.6500387786,0.3318703188
149,2381.442414,1841.347069,119.0721207,92.06735343,0.6497765365,0.3316026031
150,806.4305886,2030.843345,40.32152943,101.5421673,0.6494863317,0.3313064669
151,1524.638067,773.179753,76.23190335,38.65898765,0.6485574081,0.3303594468
152,1251.625346,1798.657561,62.58126728,89.93287803,0.6484370736,0.3302368671
153,2094.27717,1564.292458,104.7138585,78.21462288,0.6475538904,0.3293379024
154,887.9737521,603.9684574,44.3986876,30.19842287,0.6462879862,0.3280515146
155,1798.725351,1695.077645,89.93626755,84.75388227,0.6454198614,0.3271707977
156,983.5730627,1110.206093,49.17865314,55.51030463,0.6448271565,0.3265701757
157,946.5191565,2056.770229,47.32595782,102.8385115,0.6447182421,0.3264598664
158,1352.057464,1047.509786,67.60287322,52.37548929,0.6438317103,0.3255626743
159,1630.575239,647.3777565,81.52876193,32.36888783,0.6414704761,0.3231790698
160,1671.771035,620.3374277,83.58855177,31.01687139,0.6393428789,0.3210388167
161,2435.65622,1267.035646,121.782811,63.35178229,0.6390084622,0.3207030573
162,2203.091852,1374.244488,110.1545926,68.71222439,0.6388407087,0.3205346966
163,1895.37121,1242.545263,94.76856052,62.12726315,0.6386342579,0.320327559
164,2243.61276,630.0001387,112.180638,31.50000694,0.638615652,0.3203088945
165,1710.104879,1420.915576,85.50524396,71.04577882,0.6372738573,0.3189643072
166,1367.919061,1065.031399,68.39595304,53.25156996,0.6365383123,0.3182284313
167,1675.618011,1997.101012,83.78090056,99.85505058,0.6356483685,0.3173392234
168,1752.261569,1033.245825,87.61307846,51.66229124,0.6353473226,0.3170387081
169,1371.522524,1119.609943,68.57612621,55.98049714,0.6329782233,0.3146787522
170,1353.352284,1122.467349,67.6676142,56.12336744,0.6297524872,0.3114796401
171,1375.179466,587.0665556,68.75897332,29.35332778,0.6291396751,0.3108737334
172,2394.373688,2149.278544,119.7186844,107.4639272,0.6277655057,0.3095171932
173,1900.358053,1757.085001,95.01790265,87.85425003,0.6277460762,0.3094980342
174,1225.356479,2012.702043,61.26782397,100.6351021,0.627230478,0.3089898316
175,1771.00311,673.4966103,88.5501555,33.67483051,0.6270409607,0.3088031376
176,667.3427879,1919.797031,33.3671394,95.98985157,0.6267635693,0.3085299804
177,1110.827215,982.6638468,55.54136074,49.13319234,0.6263930314,0.308165287
178,1234.679859,809.9428245,61.73399294,40.49714123,0.6263682813,0.308140935
179,2125.666059,636.431788,106.283303,31.8215894,0.6263392749,0.3081123964
180,1345.149762,778.3693649,67.25748811,38.91846825,0.6262051161,0.3079804181
181,1566.011954,663.5611117,78.30059771,33.17805559,0.6232577008,0.3050880435
182,2285.544252,710.8973293,114.2772126,35.54486647,0.6231964041,0.3050280364
183,1572.417207,1906.744864,78.62086033,95.33724321,0.6222994487,0.3041506254
184,1328.472923,1090.499565,66.42364613,54.52497826,0.6204071475,0.3023037026
185,2327.879289,887.7301895,116.3939645,44.38650947,0.6187973434,0.3007369302
186,2081.852898,836.9836409,104.0926449,41.84918205,0.6184011485,0.3003519503
187,1308.581029,602.056426,65.42905144,30.1028213,0.6178246153,0.2997921773
188,2273.464272,1103.558523,113.6732136,55.17792613,0.6175210906,0.299497686
189,986.098605,1359.576283,49.30493025,67.97881414,0.615138971,0.2971914871
190,1708.080743,977.3983867,85.40403714,48.86991933,0.614176015,0.2962617513
191,2362.100073,1035.068668,118.1050037,51.75343339,0.6129128011,0.2950443248
192,1608.591943,1632.26838,80.42959714,81.61341899,0.6127053807,0.2948446623
193,730.8761714,694.9394809,36.54380857,34.74697404,0.6122774709,0.2944329705
194,1874.4382,2227.463414,93.72191002,111.3731707,0.6104706945,0.2926978434
195,1407.354156,1350.703992,70.3677078,67.53519962,0.610315138,0.2925486953
196,1978.532656,1617.656412,98.9266328,80.8828206,0.6099995822,0.2922462563
197,913.8243695,1252.36539,45.69121848,62.61826949,0.6099173696,0.2921674867
198,1265.117609,812.3035713,63.25588043,40.61517857,0.6095458702,0.2918116779
199,1572.405081,2207.469374,78.62025406,110.3734687,0.6090948378,0.2913799866
200,2259.257706,1521.739331,112.9628853,76.08696657,0.6082669961,0.2905884757
201,946.9509661,595.8348399,47.34754831,29.791742,0.6076682457,0.2900166731
202,1529.720843,1026.162184,76.48604213,51.30810921,0.6075244964,0.2898794774
203,2133.806304,2051.18278,106.6903152,102.559139,0.6074747519,0.2898320082
204,1063.12915,1729.983053,53.15645749,86.49915265,0.6062019261,0.2886187259
205,2287.00447,1738.750319,114.3502235,86.93751597,0.6049762704,0.2874528122
206,1654.904428,1815.874894,82.7452214,90.79374468,0.6046607417,0.2871530452
207,1464.764028,2427.721763,73.23820139,121.3860881,0.6032381717,0.2858034793
208,587.0791588,2131.270861,29.35395794,106.563543,0.6025640862,0.2851650968
209,1021.016892,1868.394305,51.0508446,93.41971523,0.6022220601,0.2848414591
210,1564.771902,781.352487,78.23859509,39.06762435,0.6012270388,0.2839009781
211,649.1671208,2366.256707,32.45835604,118.3128354,0.6004163073,0.2831358354
212,1841.974234,1480.831836,92.09871171,74.04159178,0.6000875319,0.2828258417
213,726.7987337,911.5996377,36.33993669,45.57998189,0.5998533758,0.2826051657
214,786.1987241,2199.268121,39.3099362,109.9634061,0.5998056263,0.2825601756
215,2396.002029,1693.812464,119.8001015,84.69062319,0.5994241005,0.2822008268
216,673.5750632,2221.927517,33.67875316,111.0963758,0.5992649815,0.2820510245
217,948.6480404,1583.600992,47.43240202,79.18004959,0.5992124333,0.2820015618
218,1658.604445,2384.619512,82.93022225,119.2309756,0.5982390344,0.2810861033
219,1233.654803,1551.540664,61.68274015,77.57703319,0.5959638422,0.2789521443
220,1882.85305,1772.463257,94.14265249,88.62316287,0.590744505,0.2740875208
221,695.2064826,846.479567,34.76032413,42.32397835,0.5904876245,0.2738492031
222,1113.78271,1523.259673,55.6891355,76.16298364,0.5898717294,0.2732782362
223,632.2911236,1390.017985,31.61455618,69.50089927,0.5885651867,0.2720689759
224,1288.400792,1448.417562,64.4200396,72.42087811,0.5877908843,0.2713535917
225,1701.219313,1542.150679,85.06096565,77.10753393,0.5874302519,0.2710207222
226,1830.675278,1930.198189,91.53376392,96.50990947,0.5841983541,0.2680467461
227,2284.958143,1435.784662,114.2479071,71.78923308,0.5839282581,0.2677989479
228,1327.241957,1310.339196,66.36209786,65.51695982,0.5836431768,0.267537526
229,2103.703749,826.4484561,105.1851874,41.3224228,0.5834875108,0.2673948329
230,1837.827351,2009.308315,91.89136754,100.4654157,0.5827088463,0.2666816319
231,1035.364973,1178.755938,51.76824867,58.93779691,0.5819445646,0.2659825306
232,2153.119964,1076.797255,107.6559982,53.83986274,0.5814826292,0.2655604356
233,1156.495184,745.133608,57.82475918,37.2566804,0.581143739,0.2652509865
234,1792.970525,1774.602935,89.64852623,88.73014674,0.5790213187,0.2633170552
235,802.8065531,1467.256247,40.14032765,73.36281236,0.5790180756,0.2633141055
236,1330.976179,1639.630057,66.54880897,81.98150283,0.5785759823,0.2629121666
237,1136.962112,1753.137207,56.84810562,87.65686033,0.5774001314,0.2618446098
238,1938.68295,1583.066166,96.93414751,79.1533083,0.5764092657,0.2609466875
239,1004.95586,1572.951715,50.247793,78.64758575,0.575644028,0.2602542847
240,1842.965307,2027.229518,92.14826534,101.3614759,0.57366774,0.258470354
241,2280.734988,1774.274428,114.0367494,88.7137214,0.5735826256,0.2583936619
242,1700.465506,1144.662643,85.02327532,57.23313215,0.5686689196,0.2539854668
243,1488.396026,961.9163579,74.41980128,48.0958179,0.5644372246,0.2502195143
244,2111.156119,2430.820425,105.5578059,121.5410213,0.5626703749,0.2486554491
245,1597.032545,690.9679427,79.85162726,34.54839714,0.5619341485,0.2480051681
246,850.69854,2087.000794,42.534927,104.3500397,0.5601478073,0.2464308993
247,928.7092235,1887.873743,46.43546117,94.39368715,0.5601278408,0.2464133315
248,1334.300122,1541.182159,66.71500612,77.05910797,0.5587305209,0.2451854376
249,694.4274773,1924.97223,34.72137386,96.24861149,0.5578147734,0.2443823888
250,938.381108,1339.862408,46.9190554,66.99312042,0.5576456865,0.244234255
251,2367.164624,2228.420311,118.3582312,111.4210155,0.5560907316,0.2428740947
252,1352.666154,2337.497392,67.63330769,116.8748696,0.5560580136,0.2428455162
253,2394.556214,1300.675262,119.7278107,65.03376309,0.5555017482,0.242359887
254,700.6388367,797.8972902,35.03194184,39.89486451,0.5547219191,0.2416799013
255,1984.913724,1584.892709,99.24568618,79.24463544,0.5537219934,0.2408093961
256,1226.663184,1870.750591,61.33315918,93.53752957,0.5532813255,0.2404262626
257,1861.041482,1150.069881,93.05207412,57.50349404,0.5527558294,0.2399697749
258,2266.140072,2248.87786,113.3070036,112.443893,0.552307894,0.239581005
259,1086.817985,1124.049291,54.34089925,56.20246453,0.5509137636,0.2383730353
260,1095.335048,1026.9424,54.76675239,51.34711998,0.5497088933,0.2373315128
261,1306.056475,1493.811189,65.30282374,74.69055943,0.5487780993,0.2365284706
262,1286.214916,918.4136568,64.31074578,45.92068284,0.5466705485,0.2347152111
263,1488.883258,2056.74423,74.44416288,102.8372115,0.545679853,0.2338652637
264,2379.343288,1596.725682,118.9671644,79.83628411,0.5454293596,0.2336506022
265,1552.125554,1687.791648,77.60627769,84.38958241,0.544822195,0.2331306983
266,1729.690416,1179.562525,86.48452082,58.97812626,0.5444636665,0.2328239689
267,1493.221771,2024.709761,74.66108855,101.235488,0.5444189314,0.2327857111
268,1371.577825,777.4071163,68.57889123,38.87035582,0.5436272028,0.2321091399
269,807.7358994,1778.033463,40.38679497,88.90167315,0.5426206262,0.2312503921
270,1675.705804,1663.44901,83.7852902,83.17245048,0.542439399,0.2310959495
271,1993.727444,953.488917,99.68637218,47.67444585,0.5416349647,0.2304110301
272,2089.725614,2367.208422,104.4862807,118.3604211,0.5399870295,0.2290111026
273,1542.68599,1589.40394,77.13429949,79.47019698,0.5391707204,0.2283192247
274,2404.674449,1736.602253,120.2337225,86.83011264,0.5391458542,0.2282981654
275,1095.966355,1049.253204,54.79831773,52.46266019,0.5387010745,0.227921642
276,1571.418117,1786.117826,78.57090586,89.30589132,0.5383433302,0.2276190229
277,1208.690078,1990.995378,60.4345039,99.54976888,0.5363985582,0.2259774404
278,1210.085571,976.3831559,60.50427853,48.8191578,0.5353273106,0.2250757375
279,1140.081982,2307.744783,57.0040991,115.3872392,0.534348506,0.2242534227
280,2305.606547,1677.377211,115.2803273,83.86886056,0.5340727794,0.2240220506
281,2418.000865,2394.632582,120.9000432,119.7316291,0.5318405514,0.2221533044
282,2194.7908,640.6077431,109.73954,32.03038715,0.5312355225,0.2216481428
283,1829.137343,1778.478248,91.45686715,88.92391238,0.5310635217,0.2215046377
284,683.7228564,1469.579022,34.18614282,73.47895112,0.5309793545,0.2214344316
285,977.1171364,2332.65423,48.85585682,116.6327115,0.530626015,0.2211398232
286,1360.723396,2040.448208,68.03616979,102.0224104,0.5297756265,0.2204315878
287,806.3042025,2132.048708,40.31521012,106.6024354,0.5296796552,0.2203517306
288,1113.062556,1676.528203,55.65312778,83.82641013,0.528900332,0.219703796
289,2258.824023,874.8459166,112.9412012,43.74229583,0.5273270907,0.2183986994
290,600.6356675,751.6901943,30.03178337,37.58450971,0.5250933695,0.2165523745
291,2302.953736,1170.676597,115.1476868,58.53382985,0.523819058,0.2155025789
292,855.5741729,993.2803762,42.77870864,49.66401881,0.5229139772,0.2147585101
293,1091.447453,1365.75048,54.57237264,68.28752401,0.5203622727,0.2126676759
294,1881.620375,799.7002249,94.08101876,39.98501125,0.5202671602,0.2125899397
295,1419.56554,914.9083705,70.97827699,45.74541852,0.5197810875,0.2121928902
296,2058.518708,1160.921122,102.9259354,58.04605609,0.5197114399,0.2121360288
297,1048.226475,1307.074589,52.41132375,65.35372945,0.5182823713,0.2109709972
298,737.1748508,2288.883253,36.85874254,114.4441626,0.5123682939,0.2061837222
299,785.3988277,1758.496283,39.26994138,87.92481417,0.5111684658,0.2052191998
300,1516.715125,583.2634206,75.83575626,29.16317103,0.5111378462,0.2051946147
301,885.5212839,858.8637848,44.27606419,42.94318924,0.5111115548,0.2051735061
302,1776.580756,829.1498365,88.8290378,41.45749182,0.5107225297,0.2048612953
303,1159.215627,626.11073,57.96078133,31.3055365,0.5103554562,0.2045669196
304,2277.524076,970.6993805,113.8762038,48.53496903,0.5078741346,0.202582568
305,817.8726666,2388.849139,40.89363333,119.442457,0.5074416507,0.2022376936
306,1574.385774,1545.00192,78.71928869,77.25009599,0.5072692492,0.2021002978
307,1024.432494,894.8905549,51.2216247,44.74452774,0.505951625,0.2010517564
308,1543.016847,994.3924939,77.15084237,49.7196247,0.5008929367,0.1970514779
309,1410.600755,1650.485937,70.53003776,82.52429685,0.4997755347,0.1961732858
310,1204.592203,1595.556234,60.22961015,79.77781172,0.4985098839,0.1951809503
311,1006.615976,2084.81696,50.33079878,104.240848,0.4984169584,0.1951081911
312,854.7886238,2207.645181,42.73943119,110.3822591,0.4980552764,0.1948251288
313,2365.491592,1983.512314,118.2745796,99.17561569,0.4945868836,0.1921211028
314,1572.24082,1964.107362,78.61204101,98.20536809,0.494362527,0.1919468407
315,833.3513919,921.6975916,41.66756959,46.08487958,0.4909548141,0.1893097261
316,1499.810548,1415.132946,74.99052739,70.7566473,0.4890672032,0.1878568178
317,782.5312764,2056.636762,39.12656382,102.8318381,0.4886776038,0.1875576371
318,896.0858001,1139.40789,44.80429001,56.97039451,0.4881405254,0.1871455953
319,1769.97368,1616.662016,88.49868401,80.8331008,0.4873711854,0.1865561539
320,670.978603,1696.300422,33.54893015,84.81502109,0.4857068899,0.1852842098
321,844.0160357,2404.570811,42.20080179,120.2285405,0.4853007032,0.1849744406
322,1236.450327,1942.983215,61.82251636,97.14916075,0.4846290949,0.1844628221
323,778.2450709,2409.866526,38.91225355,120.4933263,0.4845981644,0.1844392769
324,1350.015758,1443.185785,67.50078792,72.15928923,0.4821792533,0.1826025851
325,1504.786436,575.5746191,75.23932179,28.77873096,0.4808559569,0.1816016886
326,1471.785784,910.6500669,73.58928918,45.53250334,0.4802890697,0.1811737559
327,1067.178718,1290.383256,53.35893589,64.51916281,0.4792480237,0.1803892042
328,1415.870757,596.0293185,70.79353784,29.80146592,0.4758110948,0.177811158
329,1081.622817,2235.13265,54.08114084,111.7566325,0.4754452611,0.1775378382
330,2409.578846,1237.315249,120.4789423,61.86576245,0.4736311972,0.1761856297
331,1388.214365,2286.154559,69.41071824,114.307728,0.4703938723,0.1737853619
332,1773.827449,1368.648305,88.69137247,68.43241526,0.4703285,0.1737370622
333,1693.356554,1180.90975,84.66782771,59.04548748,0.465478142,0.170172142
334,1461.356277,2069.839533,73.06781383,103.4919766,0.4643589697,0.1693548191
335,566.169517,1390.09547,28.30847585,69.50477349,0.4642406972,0.1692685605
336,1904.620145,1153.869848,95.23100724,57.69349238,0.4627097452,0.1681539889
337,933.6949419,1387.470838,46.68474709,69.37354189,0.4620307957,0.167660875
338,1971.670007,1029.399835,98.58350034,51.46999176,0.4589105947,0.1654040159
339,1280.473713,845.5631628,64.02368566,42.27815814,0.4551194672,0.1626824507
340,2081.595978,1668.918007,104.0797989,83.44590036,0.4523423212,0.1607031264
341,2181.170328,2286.231429,109.0585164,114.3115714,0.4494866003,0.1586804342
342,1887.830724,919.1493981,94.39153622,45.9574699,0.4457761099,0.1560714486
343,2200.949789,2148.505549,110.0474895,107.4252775,0.445070757,0.1555779347
344,1985.606035,1363.338554,99.28030177,68.16692771,0.4430364169,0.1541589463
345,1003.422749,1425.803353,50.17113744,71.29016763,0.4415200632,0.1531054914
346,1493.279483,1796.967123,74.66397416,89.84835615,0.4408057627,0.1526104976
347,2398.966015,1314.978102,119.9483007,65.74890509,0.4387201252,0.151169785
348,1786.595276,923.8737042,89.32976379,46.19368521,0.437800237,0.1505365179
349,2176.482511,896.8094435,108.8241255,44.84047218,0.4356351641,0.1490512897
350,957.5440475,2138.72963,47.87720237,106.9364815,0.4355917052,0.1490215525
351,1866.285778,847.5893629,93.31428891,42.37946815,0.4329629386,0.1472283099
352,1047.629273,871.8008379,52.38146365,43.5900419,0.4329161749,0.1471965077
353,1173.450317,1801.670381,58.67251585,90.08351905,0.4324072025,0.1468505982
354,1270.267294,1208.058461,63.51336468,60.40292305,0.4294241199,0.144831407
355,2183.813068,1226.43764,109.1906534,61.321882,0.4286263981,0.1442938133
356,1654.533053,2272.997416,82.72665263,113.6498708,0.428060071,0.1439127658
357,2146.418581,1035.784865,107.320929,51.78924324,0.4230067554,0.1405349966
358,2128.536782,2060.994978,106.4268391,103.0497489,0.421947725,0.1398321968
359,1591.605811,1274.643089,79.58029055,63.73215445,0.4207021034,0.139007825
360,2209.643931,1662.054629,110.4821966,83.10273146,0.4204556555,0.1388450107
361,1384.309298,1397.229764,69.2154649,69.86148819,0.4197078384,0.138351554
362,2294.907921,1998.035186,114.7453961,99.9017593,0.4195799961,0.1382672835
363,1254.316538,852.3514604,62.71582691,42.61757302,0.4169850625,0.136562317
364,1110.871769,1659.292838,55.54358843,82.9646419,0.4135425996,0.134316816
365,1103.931514,2089.073879,55.19657568,104.453694,0.4116502931,0.1330904028
366,2069.779845,2175.698145,103.4889923,108.7849073,0.4114192372,0.1329410396
367,695.7547193,1971.80299,34.78773597,98.59014952,0.4111771643,0.1327846446
368,1155.110275,1774.89646,57.75551374,88.744823,0.409066083,0.131424649
369,1340.659952,2097.243099,67.0329976,104.862155,0.407161418,0.1302036377
370,1463.698271,2383.347121,73.18491354,119.167356,0.4045157418,0.1285170462
371,1426.033445,1641.556763,71.30167225,82.07783817,0.4023101941,0.1271194356
372,686.5873868,1359.662746,34.32936934,67.9831373,0.4001322397,0.1257468086
373,1150.595293,1584.472788,57.52976464,79.22363942,0.3980005144,0.1244105323
374,682.8920614,1050.790832,34.14460307,52.53954161,0.393878952,0.1218471649
375,2220.163092,1612.529736,111.0081546,80.62648682,0.3926208817,0.1210700354
376,1694.516518,1744.60154,84.72582588,87.23007699,0.3885467842,0.1185704639
377,1704.296909,2201.073872,85.21484544,110.0536936,0.3874290665,0.1178892709
378,2179.342961,564.7921828,108.967148,28.23960914,0.3873940497,0.1178679616
379,1266.445159,2033.202714,63.32225793,101.6601357,0.3869176486,0.1175782416
380,2025.342392,1117.844203,101.2671196,55.89221016,0.3801719184,0.1135141365
381,1182.201908,573.3636297,59.11009542,28.66818148,0.3775126358,0.1119316399
382,2289.425983,759.0061702,114.4712991,37.95030851,0.3773255383,0.1118207194
383,1040.558298,1363.095292,52.02791489,68.15476462,0.3689038999,0.1068849046
384,846.7829975,1124.077609,42.33914988,56.20388043,0.3650622449,0.1046703609
385,2312.738721,1033.754303,115.636936,51.68771515,0.3491722964,0.09575675929
386,1226.620125,2269.585553,61.33100624,113.4792776,0.338837818,0.09017240106
387,1659.659083,1794.921706,82.98295413,89.74608532,0.3315796908,0.08635067281
388,2377.491722,1434.992148,118.8745861,71.74960738,0.2943260895,0.06803735188
389,1234.063078,1219.677735,61.70315389,60.98388676,0.2637520177,0.05463632286
390,1089.343986,2419.354317,54.46719931,120.9677158,0.2520873106,0.04991049204
391,2159.953777,2064.276154,107.9976889,103.2138077,0.09218170378,0.006673894592
392,1105.818954,1787.097558,55.29094768,89.35487791,0.08997456326,0.006358129597
393,2022.771746,1158.339896,101.1385873,57.91699481,0.08086277202,0.005135552007
394,945.9396331,2374.628916,47.29698166,118.7314458,0.0775960677,0.004728999933
395,2397.579858,1470.339268,119.8789929,73.51696341,0.07593857303,0.004529129572
396,1568.973667,2163.385582,78.44868337,108.1692791,0.07591470115,0.004526282485
397,1701.545587,1771.260517,85.07727934,88.56302587,0.07363255732,0.00425823524
398,1055.600539,628.5461897,52.78002693,31.42730949,0.0730409344,0.004190082
399,1440.974353,1721.933694,72.04871765,86.09668469,0.07228513615,0.004103816072
400,2277.434347,1566.595095,113.8717173,78.32975473,0.06766819333,0.003596325929
401,982.2553329,900.2576265,49.11276665,45.01288133,0.0660455636,0.003425919726
402,1980.255649,1872.619599,99.01278246,93.63097993,0.0651006802,0.003328594827
403,1837.218905,1957.344747,91.86094525,97.86723734,0.06480598988,0.003298528027
404,2326.754626,2320.66837,116.3377313,116.0334185,0.0646210514,0.003279728705
405,551.2574091,2379.472854,27.56287045,118.9736427,0.06441391157,0.003258736363
406,1335.526253,2198.21222,66.77631266,109.910611,0.0636767144,0.003184572749
407,1924.050964,1127.827349,96.20254818,56.39136743,0.06354478935,0.003171390859
408,1773.767263,1012.083901,88.68836316,50.60419504,0.06325035877,0.003142070085
409,610.9652154,992.2407413,30.54826077,49.61203707,0.06296407106,0.003113690791
410,1133.925977,1831.490171,56.69629886,91.57450853,0.06231825586,0.003050144829
411,919.3669975,766.1464811,45.96834987,38.30732405,0.06162333799,0.002982499091
412,939.4391959,559.5509709,46.97195979,27.97754854,0.06086350127,0.002909402085
413,1497.052959,1014.911464,74.85264796,50.7455732,0.05977517401,0.002806283737
414,722.2428016,2106.527017,36.11214008,105.3263508,0.05972093705,0.002801193489
415,1462.449568,1884.948314,73.12247841,94.24741571,0.05909108014,0.002742418555
416,1121.390499,722.4624122,56.06952497,36.12312061,0.0587703605,0.002712730128
417,1599.801078,1550.425031,79.9900539,77.52125154,0.05876108368,0.002711873794
418,591.9782759,1174.832208,29.5989138,58.74161042,0.05872272055,0.002708333968
419,1475.900773,1694.962189,73.79503863,84.74810943,0.05784599627,0.002628067357
420,1675.473164,1330.849426,83.77365819,66.5424713,0.05756965695,0.002603017959
421,2311.954085,2398.701713,115.5977042,119.9350856,0.05704693511,0.002555962716
422,2074.360136,1820.859383,103.7180068,91.04296917,0.0562719671,0.002486990209
423,1781.639215,1855.303201,89.08196076,92.76516007,0.05580078562,0.002445515998
424,2343.919019,1834.890477,117.195951,91.74452386,0.05552720454,0.002421594944
425,1369.736807,2263.568329,68.48684034,113.1784164,0.05534688835,0.002405892955
426,2153.057965,1948.94302,107.6528982,97.44715098,0.05497585385,0.002373743824
427,1615.116166,1875.107304,80.75580829,93.75536519,0.05476769844,0.002355802413
428,690.3572873,1224.80696,34.51786436,61.24034802,0.05445820772,0.002329252496
429,2432.23693,1245.940974,121.6118465,62.29704868,0.05419413542,0.002306717794
430,2235.623518,1972.256491,111.7811759,98.61282456,0.05415681965,0.002303542273
431,2142.720584,2258.774556,107.1360292,112.9387278,0.05411310812,0.002299825263
432,1557.491395,1891.366877,77.87456975,94.56834386,0.05365579175,0.002261117321
433,2007.048523,1789.313615,100.3524262,89.46568073,0.05313435254,0.002217382763
434,988.7355809,1624.032165,49.43677904,81.20160827,0.05212012278,0.002133539765
435,1010.385394,2295.247326,50.51926972,114.7623663,0.05167124992,0.002096948748
436,2180.35426,2209.500295,109.017713,110.4750147,0.05146781096,0.002080469128
437,881.1733777,2124.887814,44.05866888,106.2443907,0.05125435723,0.00206324815
438,1212.347472,1180.398047,60.61737359,59.01990236,0.05089209723,0.00203418561
439,1908.216189,877.28117,95.41080947,43.8640585,0.05082757732,0.002029031086
440,1455.088973,2377.181556,72.75444866,118.8590778,0.05057570638,0.002008971593
441,625.8737938,565.9075567,31.29368969,28.29537784,0.05021695182,0.001980571732
442,1277.887956,1236.84457,63.89439779,61.84222852,0.050175739,0.001977322173
443,1379.628517,1822.699761,68.98142583,91.13498803,0.04997615332,0.001961622941
444,2091.422244,743.5267836,104.5711122,37.17633918,0.04926479662,0.001906177197
445,1925.059866,1654.641945,96.25299329,82.73209724,0.04922312537,0.001902953833
446,1515.543232,1643.42707,75.77716159,82.1713535,0.04870801485,0.001863334139
447,1688.184142,960.1676849,84.40920712,48.00838425,0.04847967811,0.001845904959
448,929.7861727,1481.693507,46.48930863,74.08467535,0.04843032033,0.001842148194
449,1487.563068,1989.728812,74.3781534,99.48644061,0.04830227033,0.001832419774
450,1499.233974,1726.311073,74.9616987,86.31555363,0.04818958116,0.001823879679
451,852.410979,1821.554642,42.62054895,91.07773211,0.04793462258,0.001804631384
452,552.5340765,1061.467824,27.62670383,53.07339119,0.0479220643,0.001803685926
453,963.4357601,723.0038588,48.171788,36.15019294,0.04779705975,0.00179428838
454,1019.140303,1232.906143,50.95701515,61.64530715,0.047464088,0.001769376123
455,1886.057013,1730.777798,94.30285064,86.53888988,0.04742007396,0.001766096116
456,822.7383645,1747.831012,41.13691822,87.3915506,0.04730011494,0.001757171997
457,1508.094809,1215.494257,75.40474045,60.77471285,0.04727163356,0.0017550565
458,1306.509996,2121.765659,65.32549982,106.0882829,0.04700160304,0.001735062893
459,1784.506432,910.336131,89.22532162,45.51680655,0.04674742234,0.001716347489
460,1102.88572,2126.482818,55.144286,106.3241409,0.04638050401,0.001689510164
461,2274.776517,2198.893892,113.7388258,109.9446946,0.04616288988,0.001673693227
462,1715.348134,1922.888459,85.76740668,96.14442295,0.04602782252,0.001663913483
463,1759.784437,2170.921583,87.98922187,108.5460792,0.04598197077,0.001660600038
464,2384.16927,1826.494832,119.2084635,91.32474158,0.04590721602,0.001655205017
465,2257.87605,1353.541093,112.8938025,67.67705465,0.04577467017,0.001645660816
466,1466.413168,1778.009191,73.32065841,88.90045957,0.04558508606,0.00163205744
467,1432.593624,704.6987042,71.6296812,35.23493521,0.04516728166,0.001602277703
468,1577.646735,829.84846,78.88233676,41.492423,0.04497855851,0.001588916032
469,1875.109265,603.4400432,93.75546326,30.17200216,0.04451169041,0.001556101985
470,2016.783699,2204.406071,100.8391849,110.2203035,0.04426087098,0.001538614401
471,1688.422335,2308.023957,84.42111673,115.4011978,0.0442581977,0.001538428548
472,1496.634615,1479.658711,74.83173075,73.98293554,0.04401987494,0.001521904812
473,1932.814161,1404.121669,96.64070807,70.20608346,0.04360147608,0.001493111586
474,1723.576548,1001.043106,86.17882738,50.05215529,0.04349804687,0.001486036221
475,646.9258967,1465.07903,32.34629484,73.25395151,0.04341442758,0.001480328293
476,1656.627129,1700.782342,82.83135647,85.03911708,0.04337269392,0.001477483625
477,593.9111475,846.1718411,29.69555737,42.30859206,0.04319262326,0.001465240937
478,642.7490442,771.2211247,32.13745221,38.56105623,0.04247352983,0.001416858865
479,1836.784652,1833.321055,91.83923259,91.66605273,0.04204242316,0.001388242576
480,1116.198158,2334.825072,55.80990791,116.7412536,0.04164356495,0.001362026894
481,1828.702389,723.087004,91.43511945,36.1543502,0.04157402855,0.001357482068
482,1464.364915,1748.873261,73.21824573,87.44366303,0.04150337709,0.001352872142
483,2441.028622,658.39527,122.0514311,32.9197635,0.04127486457,0.001338015656
484,2008.420247,1614.803156,100.4210124,80.74015782,0.04121769206,0.001334311478
485,1052.908642,2129.534438,52.64543208,106.4767219,0.04109799344,0.001326572892
486,1777.355551,1557.140598,88.86777755,77.85702988,0.04103936044,0.001322790446
487,1414.787145,2377.994014,70.73935724,118.8997007,0.04092978527,0.00131573617
488,2307.941511,2377.385217,115.3970755,118.8692608,0.04082441462,0.001308970363
489,1312.299735,2221.848723,65.61498673,111.0924361,0.04081235125,0.001308196891
490,2251.951696,1710.658095,112.5975848,85.53290477,0.04067392123,0.001299337485
491,686.3194742,1491.679764,34.31597371,74.58398822,0.04022827414,0.001271020875
492,993.0917524,861.9773915,49.65458762,43.09886958,0.04011261707,0.001263722962
493,1469.378574,1636.791439,73.46892868,81.83957197,0.04004308259,0.001259345478
494,2179.53966,2024.817666,108.976983,101.2408833,0.03981608194,0.001245107715
495,1478.902438,2443.773114,73.9451219,122.1886557,0.03977176858,0.001242337769
496,649.5420709,1033.425031,32.47710354,51.67125154,0.03973360952,0.001239954989
497,1814.036855,1371.622296,90.70184276,68.58111479,0.03952359661,0.001226882008
498,998.1099846,2040.256456,49.90549923,102.0128228,0.03906268807,0.001198434031
499,1468.901952,755.8036303,73.44509762,37.79018151,0.03877653205,0.001180939945
500,1694.732971,1233.179487,84.73664857,61.65897434,0.03871642802,0.001177281844
501,1452.631467,2064.873555,72.63157334,103.2436778,0.0386448584,0.001172933316
502,1237.219772,1104.23524,61.86098859,55.21176202,0.0385367542,0.001166380223
503,959.5715888,2155.995549,47.97857944,107.7997774,0.03852556883,0.001165703233
504,1900.338757,1147.27986,95.01693787,57.36399298,0.03850927162,0.001164717202
505,1185.140222,1060.271495,59.25701109,53.01357477,0.03847603866,0.001162707801
506,827.2533431,1021.105295,41.36266716,51.05526475,0.03817635789,0.001144666224
507,2407.180188,1788.356768,120.3590094,89.41783842,0.03807335379,0.001138497681
508,570.3705238,1342.378818,28.51852619,67.11894092,0.03805188702,0.001137214212
509,1574.562542,1412.780874,78.7281271,70.63904372,0.03800634864,0.001134493932
510,1625.981348,1604.292235,81.29906738,80.21461176,0.03781502197,0.001123100435
511,879.8114489,2218.041233,43.99057244,110.9020617,0.03736878979,0.001096750769
512,1788.785843,1341.114035,89.43929214,67.05570176,0.03732306181,0.001094068236
513,1395.741931,1437.692081,69.78709653,71.88460406,0.03693473083,0.001071420022
514,990.0904687,1767.167179,49.50452343,88.35835897,0.03662245811,0.001053379502
515,1697.518366,1878.406003,84.87591832,93.92030013,0.03611459238,0.001024366379
516,1133.446299,1348.300237,56.67231494,67.41501186,0.03608061482,0.001022439785
517,2133.364339,1680.360819,106.6682169,84.01804095,0.03605600696,0.001021045602
518,1190.853517,1378.492651,59.54267584,68.92463255,0.03573844471,0.001003139147
519,1254.800411,1433.281439,62.74002053,71.66407193,0.03563155441,0.0009971475321
520,1577.61583,893.7556622,78.88079149,44.68778311,0.03550189594,0.0009899037621
521,1276.075081,1040.737141,63.80375407,52.03685706,0.03529032467,0.0009781403827
522,2238.939557,921.9283158,111.9469779,46.09641579,0.03525935765,0.0009764245128
523,1061.290875,1291.473029,53.06454377,64.57365146,0.03477167977,0.0009496011328
524,1612.546482,1494.706717,80.62732408,74.73533583,0.03416912068,0.0009169749815
525,912.9214184,1268.145639,45.64607092,63.40728197,0.03403407043,0.0009097407908
526,668.0092631,836.7243318,33.40046315,41.83621659,0.033986601,0.0009072048166
527,2368.852043,2107.281376,118.4426021,105.3640688,0.03383826906,0.000899303244
528,2320.957959,1961.796505,116.047898,98.08982524,0.03374482715,0.0008943433813
529,832.9792867,751.8490731,41.64896433,37.59245365,0.03364694077,0.0008891623167
530,801.0336261,1182.669394,40.05168131,59.13346968,0.03341108364,0.0008767403704
531,1743.330763,1810.381378,87.16653817,90.51906891,0.03330493667,0.0008711784134
532,2179.978014,647.7896267,108.9989007,32.38948133,0.03324583934,0.0008680894638
533,783.5139398,1167.543321,39.17569699,58.37716603,0.03324010864,0.0008677902181
534,1502.49256,608.6616601,75.12462799,30.433083,0.03320626178,0.0008660238572
535,1576.864639,1835.003891,78.84323196,91.75019456,0.03298365206,0.0008544513932
536,1572.214436,908.5012297,78.6107218,45.42506149,0.03294504142,0.0008524521238
537,2190.061947,853.0802109,109.5030973,42.65401055,0.03289776468,0.0008500073102
538,1495.210026,574.7293737,74.7605013,28.73646869,0.03269229006,0.0008394224276
539,836.5064684,995.0543964,41.82532342,49.75271982,0.03254542626,0.0008318974812
540,2434.700154,588.0557005,121.7350077,29.40278503,0.03253848165,0.0008315424954
541,2239.025008,1759.640954,111.9512504,87.9820477,0.03250204888,0.0008296814105
542,1161.457629,1077.412359,58.07288143,53.87061795,0.03244761835,0.0008269048357
543,653.2474704,1741.426295,32.66237352,87.07131474,0.03209891744,0.000809227537
544,1907.874628,1392.797173,95.39373138,69.63985864,0.0317592829,0.000792193468
545,2007.735468,1672.853161,100.3867734,83.64265805,0.03151031391,0.0007798217441
546,2016.584842,2115.449381,100.8292421,105.7724691,0.03135596639,0.000772200826
547,712.5757798,1434.086598,35.62878899,71.70432989,0.03125449491,0.0007672110534
548,720.9811856,1165.10778,36.04905928,58.25538898,0.03119277406,0.0007641838942
549,1110.033144,1210.387416,55.50165719,60.51937078,0.03112214029,0.0007607269347
550,900.6891369,2171.658691,45.03445684,108.5829346,0.03099255279,0.0007544050389
551,1491.129384,2242.972459,74.55646922,112.148623,0.03085370485,0.0007476606478
552,2208.207853,915.4180197,110.4103926,45.77090098,0.03062084015,0.0007364174757
553,1925.586174,2187.847188,96.2793087,109.3923594,0.03055661352,0.0007333314721
554,2440.248094,1544.567292,122.0124047,77.2283646,0.03050962592,0.0007310778851
555,1369.199333,707.9066794,68.45996666,35.39533397,0.03034742394,0.0007233251147
556,769.6615897,2335.699464,38.48307948,116.7849732,0.03027442328,0.0007198493865
557,1183.969699,2121.121439,59.19848497,106.056072,0.03026950259,0.0007196154021
558,1149.136527,2427.63685,57.45682635,121.3818425,0.03017192617,0.0007149833924
559,1414.470399,1966.600715,70.72351997,98.33003573,0.03011263095,0.0007121759187
560,1284.421157,687.0254926,64.22105786,34.35127463,0.02986671662,0.0007005914679
561,2416.470395,1865.13663,120.8235197,93.25683152,0.0297283248,0.0006941139229
562,2056.874718,1930.472684,102.8437359,96.52363419,0.02967959068,0.0006918400443
563,1243.151304,1804.585758,62.1575652,90.2292879,0.02939169732,0.0006784833813
564,1253.373771,2328.754914,62.66868855,116.4377457,0.02904026232,0.0006623552018
565,729.8436755,609.5657755,36.49218378,30.47828878,0.02901404879,0.0006611599761
566,877.6222348,665.5921371,43.88111174,33.27960685,0.02874533823,0.0006489701592
567,1318.403332,1633.228364,65.92016658,81.66141821,0.02870664141,0.0006472240549
568,1168.764399,861.152755,58.43821996,43.05763775,0.02843994116,0.0006352537952
569,1473.36588,1098.966374,73.668294,54.94831872,0.02835823392,0.000631608902
570,1838.258646,2018.333523,91.91293232,100.9166761,0.0282939763,0.0006287497889
571,1806.318471,2375.712637,90.31592355,118.7856318,0.02813503723,0.0006217057293
572,1547.34694,2377.558908,77.36734702,118.8779454,0.0275917673,0.0005979280379
573,1065.398364,723.6711587,53.26991822,36.18355794,0.02756252458,0.0005966612993
574,1053.90824,1814.016496,52.69541199,90.70082482,0.02738786302,0.0005891232673
575,1964.959607,1670.579099,98.24798037,83.52895493,0.02727122516,0.0005841161037
576,1435.844256,1706.282458,71.79221279,85.3141229,0.02713898956,0.0005784651895
577,921.0207688,1065.962117,46.05103844,53.29810587,0.02712591271,0.0005779078599
578,1839.913577,789.7495976,91.99567883,39.48747988,0.02632511075,0.0005442899248
579,563.2907756,1291.147562,28.16453878,64.5573781,0.02627818401,0.0005423511684
580,2028.658317,1890.48038,101.4329158,94.52401898,0.02577331008,0.0005217113428
581,1541.672071,683.6691433,77.08360356,34.18345717,0.02570227493,0.0005188394748
582,746.3197069,1807.62061,37.31598535,90.38103049,0.02564255313,0.0005164311255
583,1216.260958,1946.256124,60.81304792,97.31280621,0.0254794345,0.0005098817306
584,1058.739614,1527.414202,52.9369807,76.3707101,0.02525580637,0.0005009707388
585,860.3294638,2370.315665,43.01647319,118.5157833,0.0252208069,0.0004995832113
586,1482.966584,661.1901786,74.14832919,33.05950893,0.02519701298,0.0004986410182
587,1304.400272,896.962762,65.22001359,44.8481381,0.02401175781,0.0004528327098
588,2069.937511,1400.010889,103.4968756,70.00054447,0.02267280748,0.0004037387947
589,916.3478983,1101.732202,45.81739492,55.08661012,0.02221211041,0.0003874980563
590,1737.668781,1637.846577,86.88343907,81.89232884,0.02213325359,0.0003847515706
591,1539.130126,2074.498305,76.95650628,103.7249153,0.02203248055,0.0003812559869
592,2385.134074,1223.751909,119.2567037,61.18759547,0.0200000619,0.00031416121
593,1756.072313,1014.984337,87.80361567,50.74921683,0.01948374981,0.0002981501073
594,2352.503448,1277.633824,117.6251724,63.88169119,0.01938599044,0.0002951656872
595,2148.499404,2049.381814,107.4249702,102.4690907,0.01838509391,0.0002654737512
596,1323.363897,1668.754557,66.16819484,83.43772785,0.01796216023,0.0002534002352
597,780.0312123,701.1097209,39.00156061,35.05548605,0.01662057684,0.0002169611962
598,2384.008618,616.4657892,119.2004309,30.82328946,0.01647223147,0.0002131055471
599,1379.973873,841.2337159,68.99869367,42.06168579,0.01603061188,0.0002018320262
600,1496.736879,1131.946528,74.83684393,56.5973264,0.01532155464,0.0001843722476